{"stats":{"minecraft:custom":{"minecraft:time_since_rest":1685,"minecraft:crouch_one_cm":23,"minecraft:sprint_one_cm":4075,"minecraft:play_time":1685,"minecraft:walk_one_cm":981,"minecraft:sneak_time":22,"minecraft:mob_kills":1,"minecraft:drop":6,"minecraft:jump":32,"minecraft:damage_dealt":100,"minecraft:leave_game":1,"minecraft:walk_on_water_one_cm":314,"minecraft:time_since_death":1685,"minecraft:total_world_time":1685,"minecraft:fall_one_cm":1788,"minecraft:fly_one_cm":3674},"minecraft:mined":{"minecraft:grass":7,"minecraft:grass_block":1,"minecraft:dirt":1,"minecraft:tall_grass":1},"minecraft:picked_up":{"minecraft:leather":1,"minecraft:wheat_seeds":2,"minecraft:beef":3,"minecraft:dirt":1},"minecraft:killed":{"minecraft:cow":1},"minecraft:dropped":{"minecraft:dirt":1,"minecraft:leather":1,"minecraft:wheat_seeds":2,"minecraft:beef":3}},"DataVersion":3465}