{"stats":{"minecraft:custom":{"minecraft:time_since_rest":13685,"minecraft:crouch_one_cm":356,"minecraft:sprint_one_cm":8060,"minecraft:play_time":13685,"minecraft:damage_taken":10,"minecraft:walk_one_cm":2660,"minecraft:sneak_time":173,"minecraft:mob_kills":1,"minecraft:drop":6,"minecraft:jump":100,"minecraft:damage_dealt":100,"minecraft:leave_game":1,"minecraft:walk_on_water_one_cm":314,"minecraft:time_since_death":13685,"minecraft:total_world_time":13685,"minecraft:fall_one_cm":3586,"minecraft:fly_one_cm":12234},"minecraft:used":{"minecraft:dirt":5,"minecraft:stripped_oak_log":104},"minecraft:mined":{"minecraft:grass":7,"minecraft:grass_block":4,"minecraft:dirt":2,"minecraft:tall_grass":2},"minecraft:picked_up":{"minecraft:leather":1,"minecraft:wheat_seeds":2,"minecraft:beef":3,"minecraft:dirt":6},"minecraft:killed":{"minecraft:cow":1},"minecraft:dropped":{"minecraft:dirt":1,"minecraft:leather":1,"minecraft:wheat_seeds":2,"minecraft:beef":3}},"DataVersion":3465}