{"stats":{"minecraft:custom":{"minecraft:time_since_rest":23266,"minecraft:crouch_one_cm":757,"minecraft:sprint_one_cm":20368,"minecraft:play_time":23266,"minecraft:damage_taken":10,"minecraft:walk_one_cm":4493,"minecraft:sneak_time":262,"minecraft:mob_kills":1,"minecraft:drop":6,"minecraft:jump":147,"minecraft:damage_dealt":144,"minecraft:leave_game":2,"minecraft:walk_on_water_one_cm":977,"minecraft:time_since_death":23266,"minecraft:total_world_time":23266,"minecraft:fall_one_cm":3586,"minecraft:fly_one_cm":43002},"minecraft:used":{"minecraft:dirt":5,"minecraft:spruce_planks":1,"minecraft:stripped_oak_log":159},"minecraft:mined":{"minecraft:grass":7,"minecraft:grass_block":4,"minecraft:dirt":2,"minecraft:tall_grass":2},"minecraft:picked_up":{"minecraft:leather":1,"minecraft:wheat_seeds":2,"minecraft:beef":3,"minecraft:dirt":6},"minecraft:killed":{"minecraft:cow":1},"minecraft:dropped":{"minecraft:dirt":1,"minecraft:leather":1,"minecraft:wheat_seeds":2,"minecraft:beef":3}},"DataVersion":3465}